sedafips,fips,stateabb,NAME,subject,subgroup,gys_mn_2016_ol,gys_mn_2016_ol_se_adj,gys_mn_2016_eb,gys_mn_2016_eb_se_adj,gys_mn_2017_ol,gys_mn_2017_ol_se_adj,gys_mn_2017_eb_se_adj,gys_mn_2017_eb,gys_mn_2018_ol,gys_mn_2018_ol_se_adj,gys_mn_2018_eb,gys_mn_2018_eb_se_adj,gys_mn_2019_ol,gys_mn_2019_ol_se_adj,gys_mn_2019_eb_se_adj,gys_mn_2019_eb,gys_mn_2022_ol,gys_mn_2022_ol_se_adj,gys_mn_2022_eb,gys_mn_2022_eb_se_adj,gys_mn_2023_ol,gys_mn_2023_ol_se_adj,gys_mn_2023_eb,gys_mn_2023_eb_se_adj,gys_mn_1922_ol,gys_mn_1922_ol_se_adj,gys_mn_1922_eb,gys_mn_1922_eb_se_adj,gys_mn_1923_ol,gys_mn_1923_ol_se_adj,gys_mn_1923_eb,gys_mn_1923_eb_se_adj,gys_mn_2223_ol,gys_mn_2223_ol_se_adj,gys_mn_2223_eb,gys_mn_2223_eb_se_adj,avgasmt_2016,avgasmt_2017,avgasmt_2018,avgasmt_2019,avgasmt_2022,avgasmt_2023,tot_2016,tot_2017,tot_2018,tot_2019,tot_2022,tot_2023,cell_2016,cell_2017,cell_2018,cell_2019,cell_2022,cell_2023,flag_estasmt2022,flag_estasmt2023
1,1,AL,Alabama,mth,all,-0.9682924224,0.05212615892,-0.9796306565,0.04368351003,-0.9060970399,0.0761195442,0.06031358456,-0.933827048,-0.9853656118,0.05533532341,-0.965194672,0.04404558155,-1.064634184,0.08033559024,0.06420533103,-0.996562296,-1.154726711,0.0894065972,-1.213719288,0.0828342081,-0.8866925019,0.08987552994,-0.9463107213,0.08333302415,-0.09009252788,0.120197116,-0.2171569924,0.1048037717,0.1779416817,0.1205463311,0.05025157478,0.1051984669,0.2680342096,0.009169038041,0.2674085671,0.009138527249,55453.66667,55793.83333,56407.33333,56542.16667,55714,56124,332722,334763,338444,339253,334284,336744,6,6,6,6,6,6,1,1
1,1,AL,Alabama,rla,all,-0.2623534259,0.061140827,-0.2716533887,0.04849640183,-0.3305890252,0.08331488632,0.06091597385,-0.357244591,-0.5270595775,0.06067041831,-0.5048457859,0.04425052543,-0.7235301298,0.08821693913,0.06420031256,-0.6524469808,-0.6781049303,0.1006552386,-0.7401655135,0.08912805825,,,,,0.04542519954,0.1338420913,-0.08771853265,0.1098430285,,,,,,,,,55306.33333,55680.16667,56339,56404.83333,55713.83333,,331838,334081,338034,338429,334283,,6,6,6,6,6,,1,
2,2,AK,Alaska,mth,all,-0.4475604732,0.04908813114,-0.4431138107,0.0419982756,-0.6817064983,0.06314777366,0.05282090487,-0.632864371,-0.6664625959,0.04348625632,-0.6726411719,0.03702812669,-0.6512186934,0.05980448677,0.05190646079,-0.7124179727,-1.208264642,0.09129999126,-1.219501599,0.08409106045,,,,,-0.5570459484,0.1091433234,-0.507083626,0.09882098522,,,,,,,,,,,,,,,,,,,,,,,,,,,0,
2,2,AK,Alaska,rla,all,-0.6223542157,0.05601346985,-0.6221315656,0.04513081892,-0.8341188319,0.07561274809,0.05623954817,-0.8142915076,-0.9958832685,0.05376290516,-0.982482027,0.0406305351,-1.157647705,0.0764494095,0.05865556028,-1.150672546,-1.168964442,0.1024770549,-1.229579728,0.08999843467,,,,,-0.01131673716,0.1278517071,-0.07890718169,0.1074252903,,,,,,,,,,,,,,,,,,,,,,,,,,,0,
4,4,AZ,Arizona,mth,all,-0.1518284867,0.05491540181,-0.1387519714,0.04555128166,-0.2682919386,0.07684998084,0.06050932066,-0.2149201957,-0.2121946754,0.05059267339,-0.1960213961,0.04127230031,-0.1560974121,0.06582214558,0.05614475225,-0.1771225965,-0.8246934661,0.1032903098,-0.8156663829,0.09329482187,,,,,-0.668596054,0.1224803778,-0.6385437864,0.1088859816,,,,,,,,,87085,88142,,88292,83783.16667,,435425,440710,,441460,502699,,5,5,,5,6,,0,
4,4,AZ,Arizona,rla,all,-0.1717648674,0.06587505145,-0.1774559095,0.05039318744,-0.1588238884,0.09678578106,0.06554107599,-0.1755761801,-0.219412411,0.06523301181,-0.2059489121,0.04626025258,-0.2800009335,0.08748654699,0.06530245963,-0.236321644,-0.3145496532,0.1075621367,-0.3778177854,0.09384965704,,,,,-0.03454871969,0.13864887,-0.1414961413,0.1143335881,,,,,,,,,86230.5,87590.5,,87997,82905.66667,,517383,525543,,527982,497434,,6,6,,6,6,,0,
5,5,AR,Arkansas,mth,all,-0.5493891646,0.04829272097,-0.5415564389,0.04141457444,-0.6170717565,0.06717387185,0.05539095822,-0.6041416973,-0.6249986974,0.05081851616,-0.6292093922,0.04149345117,-0.6329256383,0.07627422421,0.06179536962,-0.6542770871,-1.173668956,0.0966267969,-1.180244689,0.08840136122,-1.086120968,0.09733277527,-1.092041639,0.08915543355,-0.5407433181,0.1231035952,-0.5259676019,0.1078585573,-0.4531953299,0.1236585073,-0.4377645523,0.1084774587,0.08754798822,0.01170176327,0.08820304956,0.01163832412,36418.83333,36754.33333,37193.5,37340.66667,36217.5,35996.33333,218513,220526,223161,224044,217305,215978,6,6,6,6,6,6,0,0
5,5,AR,Arkansas,rla,all,-0.2076482436,0.05558792475,-0.2090636916,0.04449535137,-0.2517660702,0.07968328316,0.05784885048,-0.2552779835,-0.3076484231,0.0570221842,-0.3075079438,0.04227907328,-0.3635307761,0.08158855525,0.06167325715,-0.359737904,-0.6621535895,0.1172809486,-0.6653838126,0.09974363689,,,,,-0.2986228134,0.1428688674,-0.3056459085,0.1172705579,,,,,,,,,36311.5,36640.33333,37171.33333,37320,,,217869,219842,223028,223920,,,6,6,6,6,,,0,
6,6,CA,California,mth,all,-0.6426822383,0.06391448093,-0.6286210028,0.05135685934,-0.5975606034,0.08344253108,0.06491850158,-0.5931177321,-0.5646333462,0.05520003773,-0.5602645028,0.04429980241,-0.5317060889,0.07228776291,0.06029492622,-0.5274112736,-0.9753500539,0.109394805,-1.00182096,0.09784960792,-0.8838014627,0.1094659499,-0.9101269596,0.09792786714,-0.443643965,0.1311211044,-0.4744096864,0.1149348681,-0.3520953737,0.1311804668,-0.382715686,0.1150015013,0.09154859127,0.003945990333,0.09169400044,0.003943570548,468042.3333,467425.1667,462587,460326,424664.3333,421752.3333,2808254,2804551,2775522,2761956,2547986,2530514,6,6,6,6,6,6,0,0
6,6,CA,California,rla,all,-0.3435302734,0.07052529122,-0.3315158426,0.05403198833,-0.2070599724,0.08934432512,0.06410842859,-0.2557722642,-0.253530076,0.05921496304,-0.2548641645,0.04413380046,-0.3000001795,0.07773827217,0.06067354248,-0.2539560648,-0.4144598916,0.11670439,-0.4817127113,0.0965382559,-0.4875649949,0.1167743086,-0.5547135965,0.0966462437,-0.114459712,0.1402253672,-0.2277566465,0.1140215489,-0.1875648154,0.1402835632,-0.3007575317,0.114112993,-0.07310510336,0.00404036011,-0.07300088518,0.004039201088,466188.5,465235.1667,461163.8333,458681.3333,423538.6667,419566.8333,2797131,2791411,2766983,2752088,2541232,2517401,6,6,6,6,6,6,0,0
8,8,CO,Colorado,mth,all,0.2768298824,0.05759574975,0.2774604943,0.04708388867,0.2609766518,0.08320336063,0.06386687092,0.2664249553,0.265854254,0.05554623751,0.2669621019,0.04412490799,0.2707318562,0.07361208315,0.06090199356,0.2674992484,-0.4016479615,0.09487418669,-0.3897165203,0.08706269737,,,,,-0.6723798177,0.1200826802,-0.6572157687,0.1062495463,,,,,,,,,64864.5,65739,65934,64834.66667,56678,,129729,131478,197802,194504,226712,,2,2,3,3,4,,0,
8,8,CO,Colorado,rla,all,0.5694115134,0.07185016769,0.5700439669,0.05418561935,0.6270590389,0.098907599,0.06657371521,0.5898218449,0.5758821375,0.06226325423,0.5707684546,0.04477877134,0.5247052361,0.07565803439,0.05990403905,0.5517150643,0.250056907,0.1017175532,0.2233504572,0.08955380622,,,,,-0.2746483291,0.1267698655,-0.3283646072,0.1077421835,,,,,,,,,64771.5,65652.5,65812.33333,64745.33333,56033.75,,129543,131305,197437,194236,224135,,2,2,3,3,4,,0,
9,9,CT,Connecticut,mth,all,0.118293204,0.0529940501,0.1309144601,0.04424710354,0.07926829268,0.07620868167,0.06018667697,0.1405593267,0.239634258,0.05224681107,0.2626447372,0.04232579186,0.4000002233,0.07149233459,0.05952692283,0.3847301477,-0.3671963604,0.1054373046,-0.3481280989,0.09495270026,-0.1737190238,0.106238566,-0.154007399,0.09581559979,-0.7671965837,0.1273898705,-0.7328582465,0.1120690405,-0.5737192471,0.1280538434,-0.5387375467,0.1128010802,0.1934773367,0.01302335162,0.1941206998,0.01293602994,39178.66667,39082,38836.16667,38336.83333,36577.66667,36449.83333,235072,234492,233017,230021,219466,218699,6,6,6,6,6,6,0,0
9,9,CT,Connecticut,rla,all,0.923528963,0.05706173579,0.9076853373,0.04498886709,0.8905876608,0.08529209203,0.06022993841,0.8408983435,0.7264704087,0.06094458293,0.7100426977,0.04394226376,0.5623531566,0.0870759886,0.0640003492,0.579187052,0.06188866986,0.1025945018,0.07265235918,0.08837211921,0.02554972047,0.1034064213,0.03682615092,0.08952001794,-0.5004644867,0.1345654472,-0.5065346928,0.1091131346,-0.5368034361,0.1351854865,-0.542360901,0.1100448923,-0.03633894939,0.01293275581,-0.03582620826,0.01289460274,38891,38961.16667,38428.33333,37917,36748.5,36600.66667,233346,233767,230570,227502,220491,219604,6,6,6,6,6,6,0,0
10,10,DE,Delaware,mth,all,-0.2073168871,0.03548785688,-0.1922548443,0.03178181016,-0.3231707317,0.05367460814,0.04618629696,-0.2978231562,-0.2475602685,0.0389895993,-0.2656583674,0.0338581779,-0.1719498053,0.0565667027,0.0495210139,-0.2334935786,-1.455087348,0.08419969544,-1.370884897,0.0783976935,,,,,-1.283137542,0.101436584,-1.137391318,0.0927282544,,,,,,,,,10225.16667,10444,10568.5,10646,,,61351,62664,63411,63876,,,6,6,6,6,,,0,
10,10,DE,Delaware,rla,all,0.2364702113,0.04116701622,0.2336068253,0.03469059361,0.1905876608,0.05932142295,0.04597842051,0.1476157108,0.01352853214,0.04176019059,-0.02518892131,0.0333182092,-0.1635305966,0.05879305105,0.04823273893,-0.1979935534,-0.9230508745,0.0838073121,-0.8493085645,0.07615179439,,,,,-0.7595202779,0.1023732798,-0.6513150111,0.09014151593,,,,,,,,,10174.83333,10400.5,10536.83333,10605,,,61049,62403,63221,63630,,,6,6,6,6,,,0,
11,11,DC,District Of Columbia,mth,all,-1.118901695,0.0378871057,-1.140658057,0.03348790171,-1.058536064,0.05721955893,0.0483131735,-1.043702907,-0.8939022902,0.03798628822,-0.8739748097,0.03298900459,-0.729268516,0.04997753942,0.04493256014,-0.7042467126,-1.818843638,0.06813797462,-1.773798366,0.06492386393,,,,,-1.089575122,0.08450170432,-1.069551653,0.07895595651,,,,,,,,,5373.25,,5679.4,,5757.2,,21493,,28397,,28786,,4,,5,,5,,0,
11,11,DC,District Of Columbia,rla,all,-0.9129417868,0.04322953034,-0.9210156321,0.03636121889,-0.9129419663,0.05853824746,0.04556429847,-0.8994054694,-0.8164713242,0.03932285815,-0.8109996028,0.0318804533,-0.7200006822,0.05252068428,0.04460210663,-0.7225937361,-1.225317267,0.08768275617,-1.175339538,0.07890570952,,,,,-0.5053165851,0.1022090407,-0.452745802,0.09063916874,,,,,,,,,4993.833333,,5459,5500.666667,5681.333333,,29963,,32754,33004,34088,,6,,6,6,6,,0,
12,12,FL,Florida,mth,all,0.1384151738,0.04879271986,0.1484879829,0.04187144312,0.3048787931,0.05833616621,0.05017048977,0.2820766569,0.2786591693,0.04474936802,0.2966207052,0.03787940569,0.2524395454,0.06787426217,0.05676547768,0.3111647536,-0.2788236217,0.08913967749,-0.2789188331,0.08246569963,,,,,-0.5312631672,0.112039268,-0.5900835867,0.1001144898,,,,,,,,,203666.5,210878.25,212384.5,210433.25,199501.25,,814666,843513,849538,841733,798005,,4,4,4,4,4,,0,
12,12,FL,Florida,rla,all,0.5823528514,0.05028372659,0.5644260462,0.04087925672,0.6329413919,0.07276582162,0.05372085206,0.5842962678,0.4858822991,0.05156478639,0.4917751237,0.03897464577,0.3388232063,0.07308107817,0.05648152002,0.3992539796,0.2485522063,0.08624340147,0.2045973858,0.07830614481,,,,,-0.09027100001,0.1130432142,-0.1946565939,0.09655057959,,,,,,,,,201424.6667,208697,211055.5,212042.5,206325.6667,,1208548,1252182,1266333,1272255,1237954,,6,6,6,6,6,,0,
13,13,GA,Georgia,mth,all,-0.2249994045,0.06067296926,-0.2209997239,0.04914711482,-0.1939012481,0.08498950147,0.06503357048,-0.1972504802,-0.1914627261,0.05620095778,-0.186692336,0.04452942829,-0.1890242042,0.07355933158,0.06084500512,-0.1761341918,-0.6135465885,0.08017230901,-0.6314486663,0.07529074872,-0.4822951923,0.08039910651,-0.5000138648,0.07552943918,-0.4245223844,0.1088052131,-0.4553144746,0.09680295187,-0.2932709882,0.108972435,-0.3238796731,0.09698871496,0.1312513962,0.006034666214,0.1314348015,0.006025981995,131010,132690.8333,133555.1667,133513.8333,127797.5,127441.6667,786060,796145,801331,801083,766785,764650,6,6,6,6,6,6,0,0
13,13,GA,Georgia,rla,all,0.1270586799,0.05795983548,0.1137286794,0.04586374899,0.1564706241,0.08314950929,0.05927852523,0.1129487052,0.0411760218,0.05763007024,0.03939054043,0.04240734475,-0.07411858054,0.07981891435,0.06065960767,-0.03416762435,-0.2535550514,0.09836875931,-0.287633257,0.08536338025,-0.1960390281,0.09863628506,-0.2300131335,0.0857378044,-0.1794364708,0.1266786166,-0.2534656327,0.1047210327,-0.1219204475,0.1268864682,-0.1958455091,0.1050264686,0.05751602331,0.007259746692,0.05762012358,0.007252943652,130712.8333,132318.6667,132934.1667,132820.8333,127928.8333,127561.6667,784277,793912,797605,796925,767573,765370,6,6,6,6,6,6,0,0
15,15,HI,Hawaii,mth,all,-0.2249996837,0.04097896754,-0.2198997173,0.03622962919,-0.273170099,0.05614843974,0.04808923566,-0.2628918915,-0.2890238878,0.04081678342,-0.2836700978,0.03515472268,-0.3048776766,0.05925699916,0.05129174904,-0.304448304,-0.6071888045,0.06669059125,-0.6320473272,0.06371059889,,,,,-0.3023111279,0.08921337854,-0.3275990232,0.08179171065,,,,,,,,,14182.16667,14290.66667,13749.33333,13874,,,85093,85744,82496,83244,,,6,6,6,6,,,0,
15,15,HI,Hawaii,rla,all,-0.316471414,0.04696851596,-0.3294714356,0.03906097183,-0.2305893842,0.0668443409,0.05134638837,-0.2383176856,-0.2358829274,0.05155341141,-0.2046310041,0.03880570832,-0.2411764706,0.07850382795,0.05819862881,-0.1709443226,-0.1194092156,0.08173651734,-0.1802750344,0.07495357044,,,,,0.1217672549,0.1133300899,-0.009330711844,0.09489530082,,,,,,,,,14103.16667,14193,13612.83333,13732.83333,,,84619,85158,81677,82397,,,6,6,6,6,,,0,
16,16,ID,Idaho,mth,all,0.1024394152,0.04724822883,0.09256006194,0.04034523552,0.1597571024,0.06889207635,0.05583213639,0.1712544513,0.2384155087,0.04808150092,0.2621088671,0.03972156351,0.3170739151,0.06709101832,0.05651533399,0.3529632829,-0.1413591779,0.07207174306,-0.1563171807,0.06840970102,,,,,-0.458433093,0.0984659377,-0.5092804635,0.08873483065,,,,,,,,,22352.33333,23181.5,23537.83333,23923.66667,23789.33333,,134114,139089,141227,143542,142736,,6,6,6,6,6,,1,
16,16,ID,Idaho,rla,all,0.4282345043,0.04887360822,0.4175172346,0.04037897811,0.4752933278,0.06841001782,0.05217310472,0.4432410639,0.4241169649,0.05130659437,0.4097581682,0.0389515887,0.372940602,0.07648225914,0.05785215806,0.3762752725,-0.2005753111,0.09522315339,-0.1554772792,0.08491073869,,,,,-0.5735159131,0.1221351092,-0.5317525516,0.1027458307,,,,,,,,,22345.66667,23148.33333,23514.16667,23866.83333,23788.66667,,134074,138890,141085,143201,142732,,6,6,6,6,6,,1,
17,17,IL,Illinois,mth,all,-0.05670659135,0.05810940377,-0.05028920649,0.0480271298,-0.0512192889,0.07579922938,0.06111855161,-0.04100553332,-0.04999988835,0.05658303195,-0.0336412272,0.04502314958,-0.0487804878,0.08402996395,0.06612759365,-0.02627692107,-0.3298382855,0.09583965136,-0.3781565355,0.08791738649,-0.1834307528,0.09603174989,-0.231638968,0.08812513667,-0.2810577977,0.1274608709,-0.3518796144,0.1100105699,-0.134650265,0.1276053754,-0.205362047,0.1101766688,0.1464075327,0.006071096618,0.1465175674,0.006062314838,147009.6667,147101,145420.5,143824.5,133847.5,135440.1667,882058,882606,872523,862947,803085,812641,6,6,6,6,6,6,1,1
17,17,IL,Illinois,rla,all,0.3258814195,0.05579590866,0.3233034222,0.04462392954,0.2635282629,0.08039083037,0.05829489639,0.2570110979,0.1682345222,0.05807652179,0.1740565353,0.04255337134,0.07294078154,0.08383820088,0.0620069569,0.0911019727,-0.03572373275,0.09454426401,-0.05063704303,0.08293807128,0.4812000927,0.09478195519,0.4657038671,0.08326339807,-0.1086645143,0.1263624224,-0.1417390157,0.1035547506,0.4082593112,0.126540361,0.3746018944,0.103815491,0.5169238255,0.00670829123,0.5163409101,0.006702913757,147238.1667,146360.1667,144874.3333,144122.3333,133847.5,135439.6667,883429,878161,869246,864734,803085,812638,6,6,6,6,6,6,1,1
18,18,IN,Indiana,mth,all,0.700609998,0.05811186855,0.6977129943,0.04752868411,0.6731710667,0.08385430172,0.06454721027,0.6514985024,0.5810983239,0.05835611236,0.5725836704,0.04581154918,0.4890255812,0.08118004361,0.06502653151,0.4936688384,-0.06171290603,0.09659963299,-0.06318706506,0.0884882459,0.03152179378,0.0969422887,0.030271052,0.08885755267,-0.5507384872,0.1261811736,-0.5568559035,0.1098117456,-0.4575037874,0.1264436903,-0.4633977864,0.1101095567,0.09323469981,0.008143601455,0.09345811706,0.008122322514,76280.5,77703.16667,78414.33333,77332.66667,82047.16667,81956.83333,457683,466219,470486,463996,492283,491741,6,6,6,6,6,6,0,0
18,18,IN,Indiana,rla,all,0.7723525103,0.05173545282,0.7614184488,0.04247119795,0.8011758243,0.07170913656,0.05456080951,0.732142493,0.5558817246,0.05544222999,0.5518563804,0.04119663313,0.3105876249,0.08457637494,0.06173952049,0.3715702679,-0.08649038322,0.1037816607,-0.08004772895,0.088923425,-0.142875263,0.1041519471,-0.1361446005,0.08945491175,-0.3970780082,0.133879783,-0.4516179968,0.1082549948,-0.4534628879,0.1341670276,-0.5077148684,0.1086919943,-0.05638487976,0.008774678396,-0.05609687158,0.008762726286,76169.5,77460.33333,78063.33333,77110.83333,82089.33333,81993.5,457017,464762,468380,462665,492536,491961,6,6,6,6,6,6,0,0
19,19,IA,Iowa,mth,all,0.41890363,0.05098862842,0.4173722071,0.04290509826,0.4000009676,0.07429262115,0.05915122421,0.3701242482,0.2408541237,0.05297138466,0.2447821846,0.04268928063,0.08170727986,0.07552798695,0.06156810372,0.1194401211,-0.1081559855,0.08437268459,-0.1502737689,0.0787392547,,,,,-0.1898632653,0.113239687,-0.26971389,0.09995249685,,,,,,,,,36290.83333,36882.33333,36985.33333,37355.83333,,,217745,221294,221912,224135,,,6,6,6,6,,,0,
19,19,IA,Iowa,rla,all,0.4452938304,0.05589071166,0.4406844979,0.04444717329,0.374117683,0.08073100548,0.05778862637,0.358176119,0.236470301,0.05571315051,0.2410829748,0.0412717812,0.09882291906,0.07680055542,0.05893992158,0.1239898306,-0.1105236306,0.09150440505,-0.1419751224,0.08230398065,,,,,-0.2093465496,0.1194628874,-0.265964953,0.1012317124,,,,,,,,,36241,36840.5,36939.16667,37296.5,,,217446,221043,221635,223779,,,6,6,6,6,,,0,
20,20,KS,Kansas,mth,all,0.2378059015,0.05017062691,0.2359144306,0.04269396391,0.2695130139,0.06560941709,0.0542841958,0.2310681557,0.1481712155,0.04462219107,0.1302869132,0.0377312371,0.02682941716,0.06049763741,0.05241956789,0.02950567077,-0.5792974734,0.09207666875,-0.5687889412,0.08470106894,-0.4080892465,0.09287059988,-0.3979295797,0.08553677633,-0.6061268906,0.1101729416,-0.5982946119,0.09960964902,-0.4349186637,0.1108373243,-0.4274352505,0.10032124,0.171208227,0.0121175655,0.1708593614,0.01204672371,34941.16667,35676.83333,35767.16667,35829.83333,35205.33333,35438,209647,214061,214603,214979,211232,212628,6,6,6,6,6,6,1,1
20,20,KS,Kansas,rla,all,0.3594109928,0.06229792212,0.3644244825,0.04932740095,0.424704518,0.07698550431,0.05826817502,0.347854091,0.2176460715,0.05509281248,0.1918208006,0.04182948251,0.01058762494,0.07882958883,0.06003034405,0.03578751015,-0.4219154198,0.1097337296,-0.3802059351,0.09246534751,-0.3282360124,0.1105406728,-0.2869076174,0.09365741328,-0.4325030447,0.1351132691,-0.4159934453,0.1102428351,-0.3388236373,0.1357694532,-0.3226951275,0.1112445651,0.09367940739,0.01333225118,0.09329831775,0.01329057646,34862,35575.16667,35582.16667,35693,35205.16667,35437.83333,209172,213451,213493,214158,211231,212627,6,6,6,6,6,6,1,1
21,21,KY,Kentucky,mth,all,-0.06158475178,0.0481417774,-0.06169830513,0.04148378773,-0.1341459693,0.06273190061,0.05292664024,-0.1244309352,-0.1451217837,0.04940145775,-0.1486387546,0.04060525715,-0.1560975982,0.07633298602,0.06159479187,-0.172846574,-0.7721177242,0.08717557941,-0.7695257108,0.08098300771,-0.601459188,0.0877613306,-0.5990520298,0.08160229919,-0.616020126,0.1158719397,-0.5966791368,0.1017455941,-0.4453615898,0.1163132662,-0.4262054558,0.1022391981,0.1706585361,0.01012272205,0.170473681,0.01008165633,50258.16667,51025.66667,51107.33333,50836.83333,47767.33333,47879.5,301549,306154,306644,305021,286604,287277,6,6,6,6,6,6,1,1
21,21,KY,Kentucky,rla,all,0.4829407636,0.05214781544,0.4845646338,0.04277182914,0.3482346479,0.0695739903,0.05323845761,0.3468960843,0.2235287835,0.05158786608,0.2146209415,0.03927683588,0.09882291906,0.07618852657,0.05776111129,0.08234579872,-0.3129629694,0.09228862107,-0.2923494002,0.0811264556,-0.05187587311,0.09298241845,-0.03215217306,0.08206754787,-0.4117858884,0.1196740622,-0.3746951989,0.09958839177,-0.1506987922,0.1202099069,-0.1144979718,0.1003565065,0.2610870962,0.01133757297,0.2601972271,0.01131155715,50088.66667,50818.33333,50982,50663.5,47767.83333,47879.5,300532,304910,305892,303981,286607,287277,6,6,6,6,6,6,1,1
22,22,LA,Louisiana,mth,all,-0.9853657048,0.06167251123,-0.9448987801,0.04983685919,-1.192682406,0.08829470472,0.06717529413,-1.047530441,-1.031097412,0.06213306955,-0.9728582812,0.04792342841,-0.8695124184,0.08744208624,0.06836738856,-0.8981861212,-1.216625407,0.09991972953,-1.270564131,0.09111696762,-1.048510579,0.100370979,-1.102485352,0.09160655369,-0.3471129887,0.1327782768,-0.3723780102,0.1139140097,-0.1789981608,0.1331181876,-0.2042992309,0.114305995,0.1681148279,0.009506896073,0.1680787793,0.009473308831,53264.83333,53589.83333,53069.5,53649.83333,49035.66667,50402.33333,319589,321539,212278,321899,294214,302414,6,6,4,6,6,6,1,1
22,22,LA,Louisiana,rla,all,-0.5305891149,0.0678751911,-0.5191892192,0.05225491142,-0.6482362635,0.09658823313,0.06698791631,-0.5907890418,-0.687647741,0.06794517312,-0.6292347788,0.04785441543,-0.7270592185,0.09558713,0.06835787719,-0.6676805159,-0.6230355748,0.1049346893,-0.7220542772,0.09030073658,-0.5428263485,0.1055090692,-0.6414322557,0.0911168417,0.1040236437,0.1419443146,-0.05437376122,0.1132564453,0.1842328699,0.1423694599,0.02624826021,0.1139082008,0.08020922625,0.01099430155,0.08062202142,0.01097093762,53179.33333,53483,53077.5,53660,49035.83333,50402.5,319076,320898,212310,321960,294215,302415,6,6,4,6,6,6,1,1
23,23,ME,Maine,mth,all,0.232927648,0.04269494553,0.2445640796,0.03716950481,0.1378056596,0.06334142123,0.05259553389,0.1562651919,0.1414642334,0.04721111196,0.1322607537,0.03918359284,0.1451228072,0.0700244295,0.05809583122,0.1082563155,-0.6763661786,0.07922735101,-0.6524532055,0.07444876092,,,,,-0.8214889858,0.1057373816,-0.760709521,0.09443380542,,,,,,,,,12472,12689.66667,13081.83333,12975.66667,,,74832,76138,78491,77854,,,6,6,6,6,,,0,
23,23,ME,Maine,rla,all,0.4629408892,0.04628578149,0.4620455698,0.03775899794,0.3917645623,0.06945412178,0.05119826194,0.3818458395,0.3241175932,0.04802198104,0.3038442668,0.03690417608,0.2564706241,0.06633677427,0.05316399932,0.2258426942,-0.5077059095,0.09666300523,-0.429327857,0.08564832647,,,,,-0.7641765336,0.1172361045,-0.6551705512,0.1008069772,,,,,,,,,12441.16667,12663.66667,13037.16667,12930.5,,,74647,75982,78223,77583,,,6,6,6,6,,,0,
24,24,MD,Maryland,mth,all,0.06524379079,0.05590219762,0.05222780183,0.04618179081,0.05731684987,0.08121630654,0.0632960638,0.01587840713,-0.02256077092,0.05894944596,-0.05696492088,0.04610452744,-0.1024383917,0.08546379508,0.06705309917,-0.1298082489,-1.124181501,0.09788971561,-1.045789057,0.08952430326,,,,,-1.021743109,0.1299478999,-0.9159808083,0.1118513253,,,,,,,,,65794.25,67368.75,,67807.5,63783.5,,263177,269475,,271230,255134,,4,4,,4,4,,0,
24,24,MD,Maryland,rla,all,0.4052937227,0.06248925283,0.380067762,0.04904965385,0.4823527617,0.08718226821,0.06220141104,0.367385784,0.2617642571,0.06129733702,0.214042048,0.0446268024,0.04117575253,0.08618994263,0.06400929961,0.06069831206,-0.5043835485,0.1088069006,-0.441740344,0.09459091553,,,,,-0.545559301,0.1388079531,-0.5024386561,0.1142130979,,,,,,,,,64724,65951.16667,,66839.16667,63899.83333,,388344,395707,,401035,383399,,6,6,,6,6,,0,
25,25,MA,Massachusetts,mth,all,1.18231778,0.05770390347,1.186347026,0.04776780842,1.132927871,0.07104911899,0.05860683295,1.115554805,1.012195866,0.05447965118,1.002915546,0.04382434316,0.8914638612,0.08260842731,0.06517308759,0.8902762875,0.2072150001,0.08990581158,0.2258019296,0.08324459406,0.2792320063,0.09037191325,0.2981140284,0.08374206326,-0.6842488611,0.1220950745,-0.6644743579,0.1057222483,-0.6122318549,0.1224386988,-0.5921622592,0.1061143935,0.07201700623,0.009166665133,0.07231209874,0.009136540737,69487.66667,70266,70434.33333,70028.83333,66656.33333,66159.16667,416926,421596,422606,420173,399938,396955,6,6,6,6,6,6,0,0
25,25,MA,Massachusetts,rla,all,1.414705523,0.05392147888,1.384759189,0.04311848621,1.482352582,0.07862785278,0.05662715308,1.387354911,1.250587643,0.05471296595,1.230645851,0.04076880904,1.018822704,0.07610318876,0.05866641883,1.073936791,0.6478913493,0.09967155033,0.6289707434,0.08603413336,0.6658654332,0.100181025,0.6472420343,0.08675317056,-0.3709313543,0.1254038009,-0.4449660478,0.1041327076,-0.3529572704,0.1258091138,-0.4266947569,0.1047275575,0.01797408387,0.01009058064,0.01827129092,0.01007232855,69610.5,70256.66667,70406.66667,70028.5,66683.5,66143.5,417663,421540,422440,420171,400101,396861,6,6,6,6,6,6,0,0
26,26,MI,Michigan,mth,all,-0.3579264385,0.06082310098,-0.3463703567,0.04926134432,-0.3524383917,0.08777133396,0.06681118173,-0.3378372375,-0.3158527467,0.0617339721,-0.3145608996,0.04769748325,-0.2792671018,0.08683620316,0.06809159736,-0.2912845618,-0.7796292676,0.1043151354,-0.7970788454,0.09440203889,-0.7111699596,0.1045906023,-0.7280293519,0.09470378446,-0.5003621659,0.1357283082,-0.5057942836,0.1163967808,-0.4319028578,0.1359401349,-0.4367447901,0.116641641,0.06845930806,0.007585949403,0.06904949351,0.007568829288,110899.3333,110156.5,108999.8333,107627.3333,98267.33333,98789.83333,665396,660939,653999,645764,589604,592739,6,6,6,6,6,6,0,0
26,26,MI,Michigan,rla,all,-0.06117733226,0.06324057477,-0.06709687171,0.04908445427,-0.009412698185,0.09036289748,0.06275308428,-0.04398630529,-0.03176556756,0.06086353712,-0.05397809184,0.04437336911,-0.05411843693,0.08155996177,0.06275375652,-0.06396987839,-0.5717634692,0.125066639,-0.5138119155,0.1012932604,-0.5631980042,0.1253207174,-0.5052189934,0.1017009503,-0.5176450322,0.1493107215,-0.4498420371,0.1191568653,-0.5090795673,0.1495236087,-0.441249115,0.1195036286,0.008565464946,0.007976090615,0.008592922038,0.007967242711,110793.8333,109786,108748,107403,98160,98544.83333,664763,658716,652488,644418,588960,591269,6,6,6,6,6,6,0,0
27,27,MN,Minnesota,mth,all,1.03170795,0.0625173089,1.017710169,0.049525085,1.009756321,0.09446820586,0.06886396527,0.9727885457,0.9329271084,0.06062245379,0.9037118096,0.0465499676,0.8560978959,0.07600056378,0.06265263139,0.8346350734,-0.07868771395,0.09998768052,-0.01821978294,0.0910196025,,,,,-0.9347856099,0.1255930808,-0.8528548564,0.110498508,,,,,,,,,63997,64872.83333,65563.66667,65466,61027,,383982,389237,393382,392796,366162,,6,6,6,6,6,,0,
27,27,MN,Minnesota,rla,all,0.5329404046,0.0604186649,0.5206074623,0.04741319538,0.5294112262,0.08528730026,0.06021099437,0.4742261488,0.396469924,0.05733498919,0.3644306817,0.04233116187,0.2635286219,0.07665037739,0.05951760426,0.2546352146,-0.339599806,0.1032450896,-0.285699062,0.0905609961,,,,,-0.6031284279,0.1285878255,-0.5403342765,0.1083680729,,,,,,,,,64059.66667,64883.5,65677,65585,61298.5,,384358,389301,394062,393510,367791,,6,6,6,6,6,,0,
28,28,MS,Mississippi,mth,all,-0.6420730033,0.04662198506,-0.6639548551,0.04026312896,-0.6341461554,0.06243676137,0.05223304414,-0.5861260972,-0.4067067402,0.04364959404,-0.3633994237,0.0370768487,-0.1792673251,0.06101474468,0.05263534874,-0.1406727502,-0.8727606969,0.082857848,-0.8706916295,0.07735986275,-0.3386184813,0.0835408183,-0.3386961734,0.07807233401,-0.6934933718,0.1028990867,-0.7300188793,0.09356830821,-0.1593511562,0.1034498303,-0.1980234232,0.09415821406,0.5341422156,0.01066045722,0.5319954561,0.01061196442,36983.66667,37176.5,37279.83333,37007.66667,33100.33333,31944,221902,223059,223679,222046,198602,191664,6,6,6,6,6,6,0,0
28,28,MS,Mississippi,rla,all,-0.4841182036,0.04887743359,-0.4975902347,0.0400610986,-0.3882356531,0.07074110948,0.05293970744,-0.3847525889,-0.2570595236,0.05176544114,-0.2558356308,0.03913587344,-0.1258833941,0.07559324715,0.05765287274,-0.1269186727,-0.3677641243,0.09465056593,-0.3438404507,0.08267384684,0.0639519249,0.09545212102,0.08608459569,0.08377447569,-0.2418807302,0.1211324426,-0.2169217779,0.1007909653,0.189835319,0.1217597898,0.2130032684,0.1016957055,0.4317160492,0.01234413934,0.4299250464,0.01231062796,36978.16667,37178.5,37292.33333,37039.66667,33143,31970.83333,221869,223071,223754,222238,198858,191825,6,6,6,6,6,6,0,0
29,29,MO,Missouri,mth,all,-0.01463355088,0.05342316106,-0.0201806575,0.04435256252,-0.007316403273,0.07859905239,0.06132995098,-0.02033508856,-0.02987754636,0.05365358194,-0.03689983326,0.04306230835,-0.05243868944,0.07305488612,0.0604655829,-0.05346457795,-0.7212624591,0.1011141549,-0.7045294614,0.09179015664,,,,,-0.6688237696,0.1247440929,-0.6510648835,0.1099159659,,,,,,,,,68039.6,68756.6,69210.2,69119.2,65125.8,,340198,343783,346051,345596,325629,,5,5,5,5,5,,0,
29,29,MO,Missouri,rla,all,0.3988227395,0.05600800058,0.383847342,0.04474683983,0.3811756807,0.08056968343,0.05832321388,0.3220915304,0.1976462869,0.05779003941,0.1756784342,0.04261259707,0.0141168931,0.08286905774,0.06214287118,0.0292653381,-0.4440635823,0.1119526979,-0.4100558871,0.09645490633,,,,,-0.4581804754,0.13928635,-0.4393212252,0.1147400775,,,,,,,,,67835.33333,68403.66667,68741.16667,68725.33333,65685,,407012,410422,412447,412352,394110,,6,6,6,6,6,,0,
30,30,MT,Montana,mth,all,0.3054884934,0.03831020375,0.3131061607,0.03405200689,0.2524395454,0.05611465655,0.04793262322,0.2645842508,0.2280490224,0.04161758397,0.2363314496,0.03562837705,0.2036584994,0.0614755114,0.05272559755,0.2080786483,-0.1670790836,0.07175428606,-0.1891983698,0.06809101207,,,,,-0.370737583,0.09448765036,-0.3972770181,0.08611837528,,,,,,,,,10904.5,11233,11352,11399.16667,,,65427,67398,68112,68395,,,6,6,6,6,,,0,
30,30,MT,Montana,rla,all,0.5152933457,0.04087033304,0.5215580999,0.03442288785,0.4129399917,0.06024460035,0.04668507126,0.4257408244,0.3429402071,0.04409827058,0.3514438891,0.03471011883,0.2729404225,0.06441442387,0.05137775316,0.2771469539,-0.01290792974,0.09007074469,-0.03895689098,0.08087843005,,,,,-0.2858483522,0.1107337214,-0.3161038448,0.09581750345,,,,,,,,,11075.33333,10909,11330.66667,11413.33333,,,66452,32727,67984,68480,,,6,3,6,6,,,0,
31,31,NE,Nebraska,mth,all,0.5414638984,0.0444653111,0.5204547908,0.03824470766,0.6231717366,0.06575297079,0.05358442756,0.5743700243,0.5182938925,0.04244261551,0.5094590762,0.03588702852,0.4134160484,0.0536847211,0.04775169513,0.4445481282,0.09463523168,0.07891252563,0.06822033217,0.07407122563,,,,,-0.3187808167,0.09544231756,-0.376327796,0.08812928488,,,,,,,,,22973,23332.66667,23589.33333,23675.66667,23515.83333,,137838,139996,141536,142054,141095,,6,6,6,6,6,,1,
31,31,NE,Nebraska,rla,all,0.5958821914,0.05160335759,0.5988401946,0.04155669202,0.4858820298,0.07416282193,0.05380152461,0.4887558278,0.3794114057,0.04946705516,0.3801696777,0.03769092402,0.2729407815,0.06548155488,0.05279980078,0.2715835275,-0.09559732952,0.08433208694,-0.1044010767,0.07672702117,,,,,-0.3685381111,0.1067695411,-0.3759846042,0.09313890025,,,,,,,,,22865.16667,23190.83333,23607.83333,23686.66667,23515.83333,,137191,139145,141647,142120,141095,,6,6,6,6,6,,1,
32,32,NV,Nevada,mth,all,-0.6256086768,0.05270405895,-0.6084528187,0.04391810913,-0.6731697641,0.07516677744,0.05911424374,-0.6262700521,-0.5890235901,0.04734020763,-0.5674856473,0.03891729267,-0.5048774161,0.05757027532,0.05063327821,-0.5087012425,-1.030997431,0.08172380904,-1.039696174,0.07641691175,-0.9618542104,0.08276431078,-0.9687479123,0.07749414425,-0.5261200147,0.0999655819,-0.5309949313,0.09166936928,-0.4569767943,0.1008179931,-0.4600466698,0.09256927814,0.06914322046,0.01308243765,0.07094826147,0.01299315537,35745.5,36790.5,37414.33333,37899,35145,35160.66667,214473,220743,224486,227394,210870,210964,6,6,6,6,6,6,0,0
32,32,NV,Nevada,rla,all,-0.3211771348,0.06286980659,-0.3188722595,0.04675794718,-0.2941180061,0.09862592341,0.06297257375,-0.2799651357,-0.2541178984,0.06126704325,-0.2346635208,0.04293381828,-0.2141177907,0.07271540131,0.05837555964,-0.189361906,-0.52909539,0.101220899,-0.569547648,0.08697162833,-0.830266611,0.1021223066,-0.8682857223,0.08825056713,-0.3149775994,0.124632259,-0.380185742,0.1047462176,-0.6161488203,0.1253654462,-0.6789238163,0.1058105314,-0.301171221,0.0135386526,-0.2987380743,0.01349469454,35777,36852.33333,37448.66667,37936.5,35210.5,35233.66667,214662,221114,224692,227619,211263,211402,6,6,6,6,6,6,0,0
33,33,NH,New Hampshire,mth,all,0.964634686,0.04127161597,0.983479338,0.03628053168,0.8304882515,0.05899036606,0.04978468133,0.8299752874,0.6871958477,0.04163040303,0.670756777,0.03565967677,0.5439034439,0.05875796574,0.05106795172,0.5115382666,-0.07227826026,0.07818816293,-0.068219752,0.07349518986,0.06592077113,0.08051513411,0.06766822045,0.07585492525,-0.6161817041,0.09780535446,-0.5797580186,0.08949569054,-0.4779826727,0.09967539997,-0.4438700461,0.09144345454,0.1381990314,0.01921712773,0.1358879725,0.01893515943,13405.66667,13314.6,13318.83333,13065.66667,12161.5,12580.33333,80434,66573,79913,78394,72969,75482,6,5,6,6,6,6,1,1
33,33,NH,New Hampshire,rla,all,1.158822991,0.04657568128,1.156506953,0.03848643864,1.06705807,0.06822271619,0.05161749413,1.030761189,0.8088230806,0.05113317878,0.8098135478,0.03873462674,0.5505880917,0.07618443991,0.05776780709,0.5888659068,0.292814413,0.09789902988,0.2697655618,0.08482374648,0.5188040136,0.1001667632,0.4941615293,0.08794508158,-0.2577736787,0.1240495423,-0.319100345,0.1026264464,-0.03178407813,0.1258469282,-0.0947043775,0.1052209908,0.2259896006,0.02119340467,0.2243959675,0.02102552108,13354.8,13260.8,13238,13023,12162,12580.33333,66774,66304,79428,78138,72972,75482,5,5,6,6,6,6,1,1
34,34,NJ,New Jersey,mth,all,0.8548789606,0.06358566307,0.8419921047,0.05093450905,0.8951233654,0.09108711244,0.06849424679,0.8465395931,0.8292694092,0.06246539691,0.802108574,0.04813458362,0.7634154529,0.0855034572,0.06764828688,0.7576775548,-0.01809050199,0.108900551,0.02165065507,0.09774851868,0.1389319055,0.1092569804,0.1787778208,0.0981410942,-0.7815059549,0.1384563874,-0.7360268997,0.1188741504,-0.6244835474,0.1387369055,-0.578899734,0.119197169,0.1570224075,0.008818035094,0.1571271657,0.00879122178,99165,101075.4,101626,102013.6,95569.6,95510.2,396660,505377,508130,510068,477848,477551,4,5,5,5,5,5,1,1
34,34,NJ,New Jersey,rla,all,1.108822991,0.06271721998,1.074031727,0.04928243438,1.272940602,0.08844570729,0.06323767468,1.124257198,1.011176076,0.06421988434,0.9768596574,0.04616433983,0.7494115493,0.0931350151,0.067272443,0.8294621167,0.4694866139,0.1212631867,0.4634160648,0.09986635375,0.6340379683,0.1215080308,0.6278313462,0.1002472408,-0.2799249354,0.1529015745,-0.3660460519,0.1204112545,-0.115373581,0.1530958281,-0.2016307704,0.1207273411,0.1645513544,0.007709805182,0.1644152815,0.007701812806,98425.5,100031.5,100925,100959.5,96302.66667,95789,393702,600189,605550,605757,577816,574734,4,6,6,6,6,6,1,1
35,35,NM,New Mexico,mth,all,-0.9518284681,0.04383951254,-0.9483264185,0.03816427306,-1.010974419,0.06168297014,0.05154484772,-1.005233875,-0.990852449,0.04315759534,-1.010742428,0.03666670002,-0.9707304792,0.06037816938,0.05216240251,-1.016250982,-1.899637545,0.0723115666,-1.865593293,0.06856846147,,,,,-0.9289070662,0.09420449035,-0.849342311,0.08615422302,,,,,,,,,25363.4,26561,23607.75,,,,126817,79683,94431,,,,5,3,4,,,,0,
35,35,NM,New Mexico,rla,all,-0.9470590928,0.04999999906,-0.968275561,0.04022954065,-0.8952945485,0.0755671505,0.05472323957,-0.9495379649,-0.9705885943,0.05350296617,-1.001982351,0.03991742599,-1.04588264,0.07576196488,0.058128914,-1.054426736,-1.487340925,0.09440298235,-1.433643446,0.08432842822,,,,,-0.4414582851,0.1210446133,-0.3792167101,0.1024219432,,,,,,,,,25309,25718.16667,,,,,151854,154309,,,,,6,6,,,,,0,
36,36,NY,New York,mth,all,-0.19329192,0.05297910423,-0.195224344,0.0446162462,-0.2146334764,0.07393392849,0.05970398526,-0.2175343408,-0.2225601382,0.0572090978,-0.2320718884,0.04512835028,-0.2304868,0.0873229506,0.06768830134,-0.2466094359,-0.9765543505,0.1070816212,-0.9451883812,0.09638975839,,,,,-0.7460675505,0.138172976,-0.6985789453,0.1177823911,,,,,,,,,,,,,,,,,,,,,,,,,,,0,
36,36,NY,New York,rla,all,0.2605881635,0.05836281363,0.2522234808,0.04648899015,0.2329412124,0.08334494979,0.06045736994,0.2013335837,0.1041173598,0.06178688643,0.1013662614,0.04471477845,-0.0247064927,0.09123648769,0.06589804298,0.001398939073,-0.3379371655,0.1168155448,-0.3424011738,0.0998590908,,,,,-0.3132306728,0.148222698,-0.3438001129,0.1196427603,,,,,,,,,,,,,,,,,,,,,,,,,,,0,
37,37,NC,North Carolina,mth,all,0.1987811763,0.05467081495,0.1964898679,0.04568713228,0.1121950847,0.07268384807,0.05876066018,0.1476694255,0.1670733196,0.05127679056,0.1790135124,0.04192573473,0.2219515545,0.07234842935,0.05981850671,0.2103575993,-0.4736688474,0.0911907023,-0.4647213727,0.08415566246,-0.1998853714,0.09149560331,-0.1913743388,0.08448068429,-0.6956204018,0.1164046366,-0.675078972,0.1032493548,-0.4218369259,0.1166436482,-0.4017319381,0.1035144423,0.2737834759,0.007463326375,0.2733470339,0.00744686162,115941.6667,117165.8333,118692,120401.6667,114560.6667,114444.6667,695650,702995,712152,722410,687364,686668,6,6,6,6,6,6,0,0
37,37,NC,North Carolina,rla,all,0.3382343068,0.05391570318,0.338346789,0.04385521555,0.3105870864,0.07009839929,0.05329633581,0.2927339567,0.2364698522,0.04943084357,0.2213354458,0.03835713892,0.162352618,0.06971260718,0.05517772208,0.1499369349,-0.3766062553,0.1084252428,-0.3131400327,0.09116711865,-0.195496372,0.108748472,-0.1324250956,0.09164888133,-0.5389588733,0.1289026023,-0.4630769675,0.1065646496,-0.35784899,0.1291746018,-0.2823620305,0.1069770932,0.1811098833,0.008378357867,0.1807149371,0.008367946652,115931.8333,117155.1667,118742.1667,120481,114712.3333,114506,695591,702931,712453,722886,688274,687036,6,6,6,6,6,6,0,0
38,38,ND,North Dakota,mth,all,0.5451228444,0.03219385132,0.5404399827,0.02900938303,0.5475620177,0.0511411993,0.04435731116,0.5331548136,0.4542692231,0.03716922253,0.4555881138,0.03254508384,0.3609764285,0.05395166492,0.04763568911,0.378021414,-0.03596869536,0.06436986098,-0.04841244341,0.06165001251,,,,,-0.3969451239,0.08398964906,-0.4264338574,0.07790945333,,,,,,,,,8073.833333,8343.666667,8461.5,8713.166667,8683,,48443,50062,50769,52279,52098,,6,6,6,6,6,,0,
38,38,ND,North Dakota,rla,all,0.3729404225,0.03593241465,0.3825887697,0.03075590759,0.257646269,0.05437598317,0.04312886003,0.2746295645,0.2170581593,0.04034565288,0.2193837777,0.03233071878,0.1764700497,0.05961827974,0.04817678839,0.1641379909,-0.2180254245,0.07414870979,-0.2220328787,0.06867457124,,,,,-0.3944954742,0.09514394591,-0.3861708696,0.08388801866,,,,,,,,,8050.333333,8328,8451.333333,8678,8668.666667,,48302,49968,50708,52068,52012,,6,6,6,6,6,,0,
39,39,OH,Ohio,mth,all,0.3335368459,0.0659298632,0.3215122659,0.05205857307,0.2951217279,0.09370425632,0.06906096877,0.2914259687,0.2469512195,0.05916170915,0.2559029602,0.0458745069,0.1987807111,0.07224917763,0.06040251754,0.2203799517,-0.2592856904,0.08416422698,-0.2753561866,0.07856441895,0.03861942259,0.08482830762,0.02123195109,0.07926218344,-0.4580664015,0.1109214171,-0.4957361383,0.09910011125,-0.1601612885,0.1114261434,-0.1991480006,0.09965419133,0.297905113,0.01059361463,0.2965881377,0.01054696508,126516.25,128058.25,129002.75,127486.5,119429.25,119652.5,506065,512233,516011,509946,477717,478610,4,4,4,4,4,4,0,0
39,39,OH,Ohio,rla,all,0.5311755012,0.06232491057,0.5141777225,0.04868262618,0.5847051284,0.08778031788,0.0617693903,0.5112763564,0.4494111005,0.05959459336,0.4194457895,0.04345248772,0.3141170726,0.08062678229,0.06113114736,0.3276152226,-0.04328504319,0.08943061256,-0.02274598693,0.07937801681,0.2465628311,0.08973982521,0.2666781585,0.07979045791,-0.3574021158,0.1204097691,-0.3503612095,0.1001892546,-0.06755424147,0.1206396048,-0.06093706409,0.1005163387,0.2898478743,0.007443236246,0.2894241454,0.007435863175,128052.5,129143.6667,130322.1667,128649.6667,123536.3333,123132.6667,768315,774862,781933,771898,741218,738796,6,6,6,6,6,6,0,0
40,40,OK,Oklahoma,mth,all,-0.3067070566,0.05192763258,-0.3013505203,0.04376367548,-0.3780482222,0.07062397157,0.05715453634,-0.3634417037,-0.3652432139,0.04787303808,-0.3771367449,0.03970644995,-0.3524382056,0.06464956102,0.05513408788,-0.390831786,-1.22976943,0.08153747429,-1.19452269,0.07632350366,-1.131921501,0.08217005034,-1.096139755,0.07698415361,-0.877331224,0.1040573181,-0.8036909041,0.09415436717,-0.7794832953,0.1045537322,-0.7053079689,0.09469069412,0.0978479287,0.0101763186,0.0983829352,0.01013437068,49629.83333,50007.16667,50402,50994.83333,49847.5,49671,297779,300043,302412,305969,299085,298026,6,6,6,6,6,6,0,0
40,40,OK,Oklahoma,rla,all,-0.003529806698,0.05378162996,0.002344716772,0.04363263758,-0.1823531207,0.07360617206,0.05499799394,-0.1644001752,-0.2494123571,0.0527778522,-0.270109689,0.03993712561,-0.3164715935,0.07565803439,0.05792336894,-0.3758192028,-1.030207673,0.09431958458,-0.9637120378,0.08249880587,-1.079361241,0.0949783186,-1.012845618,0.08340204506,-0.7137360795,0.1209145244,-0.587892835,0.1008026271,-0.7628896472,0.1214290705,-0.6370264154,0.1015431819,-0.04915356766,0.01116677972,-0.04913358031,0.01114195656,49529.5,49929.66667,50461.16667,51044,49916.83333,49728.83333,297177,299578,302767,306264,299501,298373,6,6,6,6,6,6,0,0
41,41,OR,Oregon,mth,all,-0.2182926085,0.05550435349,-0.1944684614,0.04590823044,-0.3451221745,0.07934977346,0.06203724407,-0.2974721746,-0.3018290822,0.05495759929,-0.3095486749,0.04386832852,-0.2585359899,0.07605895298,0.06204112616,-0.3216251751,-1.07086049,0.08324503496,-1.04575597,0.07783256818,,,,,-0.8123244997,0.1127594793,-0.7241307953,0.09953396407,,,,,,,,,41205.33333,42391.5,42720,42898,37648.5,,247232,169566,170880,171592,225891,,6,4,4,4,6,,0,
41,41,OR,Oregon,rla,all,0.1499991922,0.06737299927,0.1554019192,0.05160114712,0.06941079532,0.09339798073,0.06403979321,0.07947400655,0.03941120821,0.06008215177,0.02665956046,0.04371397653,0.009411621094,0.07560606485,0.05951934024,-0.02615488563,-0.684033744,0.1011039369,-0.6187546826,0.08704509645,,,,,-0.6934453651,0.1262469132,-0.592599797,0.1054485689,,,,,,,,,41189.16667,41946.2,42694.5,42670,38050,,247135,209731,170778,213350,228300,,6,5,4,5,6,,0,
42,42,PA,Pennsylvania,mth,all,0.300610426,0.0623827579,0.283507259,0.05052966167,0.2902448701,0.07409788815,0.06066327662,0.2939496055,0.3189030159,0.05473005246,0.3274955725,0.04424411721,0.3475611617,0.08056685137,0.06442153755,0.3610415394,-0.3697235341,0.1041798226,-0.3518120003,0.09416951831,0.06733202456,0.1044052753,0.08434419188,0.09441625337,-0.7172846958,0.1316983408,-0.7128535397,0.1140965936,-0.2802291371,0.131876757,-0.2766973476,0.1143003211,0.4370555587,0.006857555846,0.4361561922,0.006844960988,128315.1667,128918.3333,129702.3333,129222.8333,116543.8333,117380.5,769891,773510,778214,775337,699263,704283,6,6,6,6,6,6,0,0
42,42,PA,Pennsylvania,rla,all,0.6347051284,0.07021225711,0.6352373042,0.0538573454,0.5717635211,0.07901863296,0.06097734412,0.5488845643,0.4194108851,0.05760244301,0.4161040391,0.04362404921,0.2670582491,0.08383448819,0.06240187642,0.2833235139,-0.1506128763,0.1116052356,-0.1503181341,0.09386697689,-0.1446016212,0.1118387276,-0.1442038159,0.09421551602,-0.4176711254,0.1395849205,-0.433641648,0.1127164741,-0.4116598703,0.1397716796,-0.4275273298,0.113006892,0.006011255057,0.007223045742,0.006114318206,0.007216415324,127784.3333,128285.8333,129013,128786.5,116451.1667,117012.6667,766706,769715,774078,772719,698707,702076,6,6,6,6,6,6,0,0
44,44,RI,Rhode Island,mth,all,-0.1823163847,0.03678199251,-0.1700349991,0.03294488682,-0.2829258616,0.05317352997,0.04591690445,-0.2562344637,-0.2499996278,0.03821556149,-0.2463008703,0.03333963202,-0.217073394,0.0549025707,0.04835040992,-0.2363672769,-0.7099036603,0.07307454536,-0.7239827637,0.06916954812,-0.5215062387,0.07676284233,-0.5373665985,0.0728286158,-0.4928302662,0.09140121142,-0.4876154868,0.08439305971,-0.3044328447,0.09437598334,-0.3009993216,0.08741721466,0.1883974215,0.02350839816,0.1866161652,0.0229945922,10573.33333,10601.33333,10793.33333,10680.16667,9957,9878.5,63440,63608,64760,64081,59742,59271,6,6,6,6,6,6,0,0
44,44,RI,Rhode Island,rla,all,0.4135286219,0.04241633332,0.4131927811,0.035524707,0.3482344683,0.06192628746,0.04759795424,0.3311003682,0.1858817605,0.04456762654,0.1875726489,0.03493294034,0.02352905273,0.06411106193,0.05114368031,0.04404492956,-0.1545583321,0.07876342961,-0.186497664,0.07118211961,-0.05821691352,0.08306374649,-0.08914984885,0.07651889961,-0.1780873848,0.101557403,-0.2305425936,0.08765027204,-0.08174596626,0.104927662,-0.1331947784,0.09203704706,0.09634141858,0.02638007085,0.09734781518,0.02605257976,10459,10483.83333,10658.33333,10563.5,9899.666667,9770.833333,62754,62903,63950,63381,59398,58625,6,6,6,6,6,6,0,0
45,45,SC,South Carolina,mth,all,-0.4286579969,0.05283352892,-0.4257205293,0.04456451873,-0.5512192889,0.06916483785,0.05683630234,-0.490753959,-0.4384143178,0.05087708501,-0.4190878388,0.04165047618,-0.3256093467,0.0746333459,0.06089896058,-0.3474217185,-0.7416235909,0.0818782793,-0.7715893238,0.07668619686,,,,,-0.4160142442,0.1107889387,-0.4241676052,0.09792576877,,,,,,,,,56844.83333,57950.16667,59308.33333,59916.33333,58028.33333,,341069,347701,355850,359498,348170,,6,6,6,6,6,,0,
45,45,SC,South Carolina,rla,all,-0.2600005206,0.06059765833,-0.255664718,0.04827483962,-0.4152945126,0.07882958883,0.05886266477,-0.3417551189,-0.3388241039,0.05706685776,-0.3100463422,0.04258923605,-0.2623536951,0.08253727003,0.06156751422,-0.2783375654,-0.443023774,0.1023615572,-0.4903588481,0.09013236817,,,,,-0.1806700789,0.1314925448,-0.2120212827,0.1091531154,,,,,,,,,56710.16667,57784.33333,59308,59906.66667,57993.5,,340261,346706,355848,359440,347961,,6,6,6,6,6,,0,
46,46,SD,South Dakota,mth,all,0.2146350581,0.03945197311,0.2072013288,0.0351331925,0.2878058829,0.0540429681,0.04672679768,0.2860718036,0.3042690928,0.040800155,0.3239731116,0.03511540362,0.3207323028,0.06113892534,0.05243064623,0.3618744197,0.001785919116,0.0619686173,-0.01644728391,0.05955805737,0.05690044237,0.0650224813,0.04396461636,0.06260341604,-0.3189463837,0.08705215519,-0.3783217036,0.07934818751,-0.2638318604,0.08925184181,-0.3179098033,0.08165880458,0.05511452325,0.01969298209,0.06041190027,0.01939026626,10532.16667,10816.83333,10571,11113,10352.5,10382.66667,63193,64901,63426,66678,62115,62296,6,6,6,6,6,6,0,0
46,46,SD,South Dakota,rla,all,0.262352259,0.04484810939,0.2498628861,0.03744819798,0.3105874454,0.06380116155,0.04906826392,0.2915513065,0.2499989229,0.0467663333,0.2643221752,0.03626653971,0.1894104004,0.06839423593,0.05341678657,0.2370930439,-0.03792644035,0.07958995791,-0.06779815932,0.07189311986,-0.1072215193,0.08273579649,-0.1337210242,0.07583708012,-0.2273368407,0.1049396632,-0.3048912032,0.08956547197,-0.2966319197,0.1073451607,-0.3708140681,0.09276106839,-0.06929507892,0.02259757995,-0.06592286491,0.02239117974,10522.33333,10814.66667,10552.33333,11085.83333,10320.16667,10349.66667,63134,64888,63314,66515,61921,62098,6,6,6,6,6,6,0,0
47,47,TN,Tennessee,mth,all,-0.1591457274,0.06064737776,-0.1818224662,0.04946496437,-0.2829264199,0.07237257884,0.0594560131,-0.2287532037,-0.1719508287,0.05305168892,-0.147698846,0.04321051511,-0.06097523759,0.07758953937,0.06271823475,-0.06664448836,-0.5411215071,0.09431623834,-0.5702214073,0.08665772973,-0.1811644047,0.09482927571,-0.2115815421,0.08720731974,-0.4801462696,0.1221298057,-0.5035769189,0.1069726091,-0.1201891671,0.1225264386,-0.1449370537,0.1074183112,0.3599571025,0.009850823172,0.3586398652,0.009813477432,,75581.4,74704.4,75204.6,71128,71476,,377907,373522,376023,355640,357380,,5,5,5,5,5,0,0
47,47,TN,Tennessee,rla,all,-0.01529505113,0.05989477608,-0.01254486675,0.04769605511,-0.05529462029,0.07495558296,0.05645653544,-0.04607001935,-0.04352973489,0.05189819152,-0.0490337732,0.03994183564,-0.03176484949,0.07180076403,0.05651602025,-0.05199752705,-0.4918027309,0.1061489236,-0.4401972901,0.08995325639,-0.2351885442,0.106516253,-0.1841744744,0.09049216835,-0.4600378814,0.1281520335,-0.3881997631,0.1062339347,-0.2034236947,0.128456459,-0.1321769473,0.1066906419,0.2566141867,0.008838448721,0.2560228158,0.008826219379,,74810.83333,73988,74859,71794.66667,71656,,448865,443928,449154,430768,429936,,6,6,6,6,6,0,0
48,48,TX,Texas,mth,all,0.2121953266,0.0617466807,0.2290362501,0.04961125706,0.08902479963,0.08827996762,0.06641221826,0.1488764687,0.1152445165,0.05700570745,0.1414114261,0.04481839124,0.1414642334,0.07214741884,0.06020108005,0.1339463835,-0.3607202191,0.08969289577,-0.3765434496,0.08299843586,,,,,-0.5021844525,0.1151089293,-0.5104898331,0.1025324846,,,,,,,,,395725.5,403312,406715.25,408211.5,383110.5,,1582902,1613248,1626861,1632846,1532442,,4,4,4,4,4,,0,
48,48,TX,Texas,rla,all,-0.2635297887,0.066081109,-0.2709901843,0.05152382932,-0.3505884507,0.07763582987,0.05925421916,-0.3390239667,-0.4105885225,0.0552795672,-0.3956659305,0.04222009793,-0.4705885943,0.07871467539,0.06015882468,-0.4523078943,-0.5618949445,0.1142545762,-0.6211513639,0.09782971416,,,,,-0.09130635019,0.1387447595,-0.1688434696,0.114846581,,,,,,,,,388780,396396.25,392765.25,411369,400215.5,,1555120,1585585,1571061,1645476,1600862,,4,4,4,4,4,,0,
49,49,UT,Utah,mth,all,0.3780498039,0.05012766225,0.381994653,0.04255344201,0.3914646056,0.07053684204,0.0572312687,0.3975377045,0.3939031275,0.05121403007,0.4060178959,0.04174599947,0.3963416495,0.07427019198,0.06079058949,0.4144980872,0.07061086331,0.08986925859,0.03253465392,0.08312714092,0.1522822216,0.09046434609,0.1151395197,0.08375765502,-0.3257307862,0.1165870707,-0.3819634333,0.102983578,-0.2440594279,0.1170463982,-0.2993585675,0.1034931908,0.0816713583,0.01035926026,0.08260486579,0.01031516297,48379.5,50141.5,49265,49673.4,49680.66667,52001,193518,100283,98530,248367,298084,312006,4,2,2,5,6,6,1,1
49,49,UT,Utah,rla,all,0.6535288194,0.05190339082,0.6549212903,0.04205154922,0.6070581773,0.07428980818,0.05472388162,0.6241257677,0.5947052002,0.05270689822,0.6118870806,0.03971250076,0.5823522231,0.07478698336,0.05756411771,0.5996483934,0.2664137269,0.09357409442,0.2349517767,0.08195679391,0.3130039665,0.09419620642,0.2818558096,0.08280764456,-0.3159384962,0.1197881631,-0.3646966167,0.1001526021,-0.2693482566,0.1202747612,-0.3177925838,0.1008500553,0.04659023962,0.0108080598,0.04690403284,0.0107855285,48047,50190,49336.5,49825,49681,52001,240235,100380,98673,249125,298086,312006,5,2,2,5,6,6,1,1
50,50,VT,Vermont,mth,all,0.464634686,0.03612958001,0.4886585684,0.03236633824,0.3414639729,0.05280994787,0.04552147215,0.3480973792,0.2518297521,0.03561262718,0.2315024983,0.03139733025,0.1621955313,0.04779274279,0.04325465247,0.1149076173,-0.465722872,0.06194961813,-0.463190845,0.05949459787,,,,,-0.6279184034,0.0782425808,-0.5780984623,0.07355659138,,,,,,,,,5943,5972.5,,,,,35658,35835,,,,,6,6,,,,,0,
50,50,VT,Vermont,rla,all,0.9641173419,0.03898917466,0.9748489522,0.03312856413,0.8329412124,0.05589163994,0.04377800468,0.8160360275,0.6188229729,0.03827875324,0.5992526877,0.03112618083,0.4047047335,0.05231803115,0.04425881651,0.382469348,-0.03599282768,0.08191259757,-0.03872321213,0.07459846258,,,,,-0.4406975611,0.0971949074,-0.4211925601,0.08673968791,,,,,,,,,5931.5,5964.5,,,,,35589,35787,,,,,6,6,,,,,0,
51,51,VA,Virginia,mth,all,0.739025302,0.06168866492,0.7299505204,0.0502046339,0.8158547006,0.08392016082,0.06559686331,0.7498815986,0.7280496737,0.06168399462,0.6885486096,0.04784792267,0.6402446468,0.09042713849,0.06967600978,0.6272156207,-0.2841731739,0.109389026,-0.2114554739,0.09815770207,-0.1702665761,0.1102363702,-0.09660780001,0.09908649133,-0.9244178207,0.14192613,-0.8386710946,0.1203730901,-0.8105112229,0.1425802395,-0.7238234207,0.1211316602,0.1139065978,0.01364178543,0.1148476739,0.01354347824,97655.5,97441,,97330.5,90740,85019.25,195311,389764,,389322,362960,340077,2,4,,4,4,4,1,0
51,51,VA,Virginia,rla,all,0.7117634493,0.07525357304,0.6889285898,0.05662979123,0.6599986357,0.1002315643,0.06881783659,0.5820587071,0.451763916,0.06520486758,0.4071830773,0.04705295539,0.2435291963,0.08342860748,0.06418744279,0.2323074475,-0.4372553446,0.1200068775,-0.3638431301,0.09877028918,-0.5261906516,0.1203633335,-0.4525526087,0.09932454843,-0.680784541,0.1461573919,-0.5961505776,0.1177947275,-0.769719848,0.146450212,-0.6848600562,0.1182598568,-0.088935307,0.00925642412,-0.08870947862,0.009242566947,95109.33333,95899.5,96612.5,96377,92520.33333,90410.16667,570656,575397,579675,578262,555122,542461,6,6,6,6,6,6,1,0
53,53,WA,Washington,mth,all,0.4798781232,0.0666132508,0.4678880527,0.0528519504,0.3987802645,0.0940649502,0.07028238303,0.3741594594,0.2615853286,0.06458761923,0.2534863275,0.04933851191,0.1243903928,0.08853263451,0.06926428852,0.1328131955,-0.4519170091,0.1076638267,-0.4428939806,0.09691076996,-0.3628597984,0.1079950343,-0.3537796944,0.09727567198,-0.5763074019,0.1393898381,-0.5757071761,0.1191185922,-0.4872501911,0.1396458191,-0.4865928898,0.1194156523,0.08905721072,0.008451499468,0.08911428621,0.008427990833,,,82421.66667,83319,76621.33333,76917,,,494530,499914,459728,461502,,,6,6,6,6,1,1
53,53,WA,Washington,rla,all,0.5652935252,0.06833071348,0.5451923328,0.05252527919,0.551764275,0.09514330762,0.06606650601,0.482059371,0.3482351864,0.06481450747,0.3354854032,0.04663867663,0.1447060978,0.08804222016,0.06584741007,0.1889114354,-0.142132304,0.1212343253,-0.1758277202,0.09965465701,-0.1688063385,0.1215854933,-0.2021600804,0.100202133,-0.2868384018,0.1498305515,-0.3647391556,0.1194442635,-0.3135124362,0.1501148384,-0.3910715158,0.1199014132,-0.02667403447,0.009234204991,-0.02633236022,0.009220470463,,,82511.83333,83380,76748,77019.33333,,,495071,500280,460488,462116,,,6,6,6,6,1,1
54,54,WV,West Virginia,mth,all,-0.5554868186,0.04494138185,-0.5748547685,0.03861575916,-0.5048770439,0.06699563113,0.05456657489,-0.5688321857,-0.648170006,0.04663745379,-0.6831777149,0.03878130957,-0.791462968,0.06489833429,0.05512212616,-0.7975232441,-1.564836664,0.06982633431,-1.539760475,0.0664637713,-1.325380511,0.07170320758,-1.30230829,0.06837057813,-0.7733736963,0.09532843624,-0.7422372311,0.08634744749,-0.5339175433,0.09671165271,-0.5047850462,0.08782360017,0.239456153,0.01629825187,0.2374521849,0.01612605087,19018.16667,18944.33333,19594,19289,18291.83333,18422,114109,113666,117564,115734,109751,110532,6,6,6,6,6,6,1,1
54,54,WV,West Virginia,rla,all,-0.2252944946,0.05641250133,-0.2392907106,0.04506604328,-0.2117648854,0.07862389309,0.05709174525,-0.2864110128,-0.3758828556,0.05406180078,-0.4281294082,0.04053591944,-0.5400008258,0.07422261549,0.05756019182,-0.5698478036,-1.249544535,0.09010323075,-1.16474422,0.08122286604,,,,,-0.7095437088,0.1167372641,-0.5948964162,0.09955063863,,,,,,,,,18377.16667,18945,19594.66667,,,,110263,113670,117568,,,,6,6,6,,,,1,
55,55,WI,Wisconsin,mth,all,0.4225615525,0.05408959276,0.4190676859,0.04546615041,0.3060987519,0.06839452287,0.05672970959,0.3513141872,0.3567082475,0.05281786686,0.3782792429,0.04273043407,0.4073177431,0.08050526369,0.06391635184,0.4052442986,0.0720493868,0.07879207408,0.03569247036,0.07417212393,0.296559743,0.07936660344,0.2597242779,0.07477468946,-0.3352683563,0.1126467417,-0.3695518282,0.09791222601,-0.1107580001,0.1130493486,-0.1455200207,0.09836947807,0.2245103562,0.009532408066,0.2240318075,0.009498377775,60761.83333,61230.5,61371.5,61021.33333,56347.83333,56042.5,364571,367383,368229,366128,338087,336255,6,6,6,6,6,6,0,0
55,55,WI,Wisconsin,rla,all,0.418234612,0.05120560366,0.4180815056,0.04227441783,0.3105872659,0.06633677427,0.05169717649,0.3273117027,0.2688231524,0.05011353886,0.274730797,0.03869783992,0.2270590389,0.07513254614,0.057597684,0.2221498913,-0.04253706569,0.1154552061,-0.0621864629,0.09546403382,0.2339132005,0.1158984289,0.2136966937,0.09614585041,-0.2695961046,0.1377490621,-0.2843363542,0.1114938337,0.006854161546,0.1381207635,-0.008453197603,0.112078177,0.2764502662,0.01012626283,0.2758831566,0.01010801129,60690.5,61123.16667,61275.5,60935,56219,55871.16667,364143,366739,367653,365610,337314,335227,6,6,6,6,6,6,0,0
56,56,WY,Wyoming,mth,all,0.7341471416,0.03174675028,0.7252429182,0.02910101297,0.8036599508,0.04589061798,0.04088078684,0.7888951433,0.6920743803,0.03593838564,0.7131431933,0.03170580578,0.5804888097,0.05532017201,0.04847467122,0.6373912433,0.2193618996,0.06492389383,0.207280685,0.06213729198,,,,,-0.3611269102,0.08529615127,-0.4301105583,0.07880886247,,,,,,,,,7248.666667,7289.5,7300.833333,7385.833333,7103.333333,,43492,43737,43805,44315,42620,,6,6,6,6,6,,1,
56,56,WY,Wyoming,rla,all,0.7770586799,0.03751516523,0.7702884191,0.03143968395,0.7388237448,0.05880870538,0.04524877387,0.7339391171,0.6417648315,0.04200733181,0.6571951906,0.03325377234,0.5447059183,0.05999999896,0.04874219899,0.580451264,0.2838304067,0.0776506929,0.2454669071,0.07023924069,0.2166841055,0.08205087964,0.1833813449,0.07568496265,-0.2608755115,0.0981306781,-0.3349843569,0.08549475361,-0.3280218128,0.1016481516,-0.3970699191,0.09002230576,-0.06714630124,0.02650880497,-0.06208556223,0.02617565482,7242.333333,7281.666667,7298.333333,7375.833333,7103.666667,7131.166667,43454,43690,43790,44255,42622,42787,6,6,6,6,6,6,1,1